Timestamp,Event_Type,Seq_No,Packet_Size_Byte,Retransmit_Count,Is_Success
1780854238.252362,SEND,1,49,0,1
1780854238.3082829,ACK_RCVD,1,0,0,1
1780854238.308911,SEND,2,1061,0,1
1780854238.365083,ACK_RCVD,2,0,0,1
1780854238.365681,SEND,3,1061,0,1
1780854238.418102,ACK_RCVD,3,0,0,1
1780854238.418707,SEND,4,1061,0,1
1780854238.475661,ACK_RCVD,4,0,0,1
1780854238.476269,SEND,5,1061,0,1
1780854238.5323641,ACK_RCVD,5,0,0,1
1780854238.5329869,SEND,6,1061,0,1
1780854238.584706,ACK_RCVD,6,0,0,1
1780854238.585307,SEND,7,1061,0,1
1780854238.6429372,ACK_RCVD,7,0,0,1
1780854238.643543,SEND,8,1061,0,1
1780854238.699627,ACK_RCVD,8,0,0,1
1780854238.700238,SEND,9,1061,0,1
1780854238.7563572,ACK_RCVD,9,0,0,1
1780854238.756962,SEND,10,1062,0,1
1780854238.813097,ACK_RCVD,10,0,0,1
1780854238.8137212,SEND,11,1062,0,1
1780854238.869781,ACK_RCVD,11,0,0,1
1780854238.870383,SEND,12,1062,0,1
1780854238.926479,ACK_RCVD,12,0,0,1
1780854238.92708,SEND,13,1062,0,1
1780854238.983169,ACK_RCVD,13,0,0,1
1780854238.9837718,SEND,14,1062,0,1
1780854239.035083,ACK_RCVD,14,0,0,1
1780854239.035685,SEND,15,1062,0,1
1780854239.093913,ACK_RCVD,15,0,0,1
1780854239.094517,SEND,16,1062,0,1
1780854239.150618,ACK_RCVD,16,0,0,1
1780854239.151229,SEND,17,1062,0,1
1780854239.207365,ACK_RCVD,17,0,0,1
1780854239.207973,SEND,18,1062,0,1
1780854239.2636108,ACK_RCVD,18,0,0,1
1780854239.2642822,SEND,19,1062,0,1
1780854239.320294,ACK_RCVD,19,0,0,1
1780854239.320849,SEND,20,1062,0,1
1780854239.3760252,ACK_RCVD,20,0,0,1
1780854239.376628,SEND,21,1062,0,1
1780854239.4327538,ACK_RCVD,21,0,0,1
1780854239.433362,SEND,22,1062,0,1
1780854239.489422,ACK_RCVD,22,0,0,1
1780854239.490025,SEND,23,1062,0,1
1780854239.542947,ACK_RCVD,23,0,0,1
1780854239.543505,SEND,24,1062,0,1
1780854239.59962,ACK_RCVD,24,0,0,1
1780854239.6002219,SEND,25,1062,0,1
1780854239.651401,ACK_RCVD,25,0,0,1
1780854239.6520069,SEND,26,1062,0,1
1780854239.710186,ACK_RCVD,26,0,0,1
1780854239.7107918,SEND,27,1062,0,1
1780854239.764771,ACK_RCVD,27,0,0,1
1780854239.7653818,SEND,28,1062,0,1
1780854239.821527,ACK_RCVD,28,0,0,1
1780854239.8221388,SEND,29,1062,0,1
1780854239.878224,ACK_RCVD,29,0,0,1
1780854239.8788302,SEND,30,1062,0,1
1780854239.934895,ACK_RCVD,30,0,0,1
1780854239.935498,SEND,31,1062,0,1
1780854239.991543,ACK_RCVD,31,0,0,1
1780854239.992173,SEND,32,1062,0,1
1780854240.0438662,ACK_RCVD,32,0,0,1
1780854240.0444758,SEND,33,1062,0,1
1780854240.098082,ACK_RCVD,33,0,0,1
1780854240.098718,SEND,34,1062,0,1
1780854240.156765,ACK_RCVD,34,0,0,1
1780854240.157372,SEND,35,1062,0,1
1780854240.2134311,ACK_RCVD,35,0,0,1
1780854240.214039,SEND,36,1062,0,1
1780854240.2651231,ACK_RCVD,36,0,0,1
1780854240.2657201,SEND,37,1062,0,1
1780854240.3240042,ACK_RCVD,37,0,0,1
1780854240.324609,SEND,38,1062,0,1
1780854240.37714,ACK_RCVD,38,0,0,1
1780854240.3778508,SEND,39,1062,0,1
1780854240.4342852,ACK_RCVD,39,0,0,1
1780854240.434856,SEND,40,1062,0,1
1780854240.490975,ACK_RCVD,40,0,0,1
1780854240.491575,SEND,41,1062,0,1
1780854240.54385,ACK_RCVD,41,0,0,1
1780854240.544459,SEND,42,1062,0,1
1780854240.601867,ACK_RCVD,42,0,0,1
1780854240.602477,SEND,43,1062,0,1
1780854240.655572,ACK_RCVD,43,0,0,1
1780854240.656179,SEND,44,1062,0,1
1780854240.712269,ACK_RCVD,44,0,0,1
1780854240.712877,SEND,45,1062,0,1
1780854240.765963,ACK_RCVD,45,0,0,1
1780854240.766583,SEND,46,1062,0,1
1780854240.82272,ACK_RCVD,46,0,0,1
1780854240.823328,SEND,47,1062,0,1
1780854240.879412,ACK_RCVD,47,0,0,1
1780854240.880011,SEND,48,1062,0,1
1780854240.934505,ACK_RCVD,48,0,0,1
1780854240.93519,SEND,49,1062,0,1
1780854240.991327,ACK_RCVD,49,0,0,1
1780854240.991931,SEND,50,1062,0,1
1780854241.04385,ACK_RCVD,50,0,0,1
1780854241.04446,SEND,51,1062,0,1
1780854241.099037,ACK_RCVD,51,0,0,1
1780854241.099654,SEND,52,1062,0,1
1780854241.1555681,ACK_RCVD,52,0,0,1
1780854241.1561909,SEND,53,1062,0,1
1780854241.211164,ACK_RCVD,53,0,0,1
1780854241.21177,SEND,54,1062,0,1
1780854241.265836,ACK_RCVD,54,0,0,1
1780854241.2665029,SEND,55,1062,0,1
1780854241.322616,ACK_RCVD,55,0,0,1
1780854241.323222,SEND,56,1062,0,1
1780854241.379483,ACK_RCVD,56,0,0,1
1780854241.380088,SEND,57,1062,0,1
1780854241.4361432,ACK_RCVD,57,0,0,1
1780854241.436748,SEND,58,1062,0,1
1780854241.492855,ACK_RCVD,58,0,0,1
1780854241.493543,SEND,59,1062,0,1
1780854241.549634,ACK_RCVD,59,0,0,1
1780854241.5502431,SEND,60,1062,0,1
1780854241.605533,ACK_RCVD,60,0,0,1
1780854241.6061409,SEND,61,1062,0,1
1780854241.662344,ACK_RCVD,61,0,0,1
1780854241.662956,SEND,62,1062,0,1
1780854241.7190971,ACK_RCVD,62,0,0,1
1780854241.719701,SEND,63,1062,0,1
1780854241.775769,ACK_RCVD,63,0,0,1
1780854241.7763982,SEND,64,1062,0,1
1780854241.832469,ACK_RCVD,64,0,0,1
1780854241.83308,SEND,65,1062,0,1
1780854241.889197,ACK_RCVD,65,0,0,1
1780854241.8898041,SEND,66,1062,0,1
1780854241.9458828,ACK_RCVD,66,0,0,1
1780854241.946487,SEND,67,1062,0,1
1780854242.0025768,ACK_RCVD,67,0,0,1
1780854242.0031822,SEND,68,1062,0,1
1780854242.055556,ACK_RCVD,68,0,0,1
1780854242.056164,SEND,69,1062,0,1
1780854242.113159,ACK_RCVD,69,0,0,1
1780854242.113767,SEND,70,1062,0,1
1780854242.168309,ACK_RCVD,70,0,0,1
1780854242.168885,SEND,71,1062,0,1
1780854242.222187,ACK_RCVD,71,0,0,1
1780854242.2227972,SEND,72,1062,0,1
1780854242.2789319,ACK_RCVD,72,0,0,1
1780854242.279537,SEND,73,1062,0,1
1780854242.335619,ACK_RCVD,73,0,0,1
1780854242.336232,SEND,74,1062,0,1
1780854242.392374,ACK_RCVD,74,0,0,1
1780854242.392982,SEND,75,1062,0,1
1780854242.449045,ACK_RCVD,75,0,0,1
1780854242.449651,SEND,76,1062,0,1
1780854242.505683,ACK_RCVD,76,0,0,1
1780854242.5063128,SEND,77,1062,0,1
1780854242.557607,ACK_RCVD,77,0,0,1
1780854242.558242,SEND,78,1062,0,1
1780854242.616553,ACK_RCVD,78,0,0,1
1780854242.6171641,SEND,79,1062,0,1
1780854242.671238,ACK_RCVD,79,0,0,1
1780854242.6718469,SEND,80,1062,0,1
1780854242.72398,ACK_RCVD,80,0,0,1
1780854242.7246149,SEND,81,1062,0,1
1780854242.7806342,ACK_RCVD,81,0,0,1
1780854242.7812421,SEND,82,1062,0,1
1780854242.8373382,ACK_RCVD,82,0,0,1
1780854242.8379462,SEND,83,1062,0,1
1780854242.894069,ACK_RCVD,83,0,0,1
1780854242.894678,SEND,84,1062,0,1
1780854242.950791,ACK_RCVD,84,0,0,1
1780854242.951396,SEND,85,1062,0,1
1780854243.0058298,ACK_RCVD,85,0,0,1
1780854243.006453,SEND,86,1062,0,1
1780854243.060184,ACK_RCVD,86,0,0,1
1780854243.060789,SEND,87,1062,0,1
1780854243.1169658,ACK_RCVD,87,0,0,1
1780854243.117574,SEND,88,1062,0,1
1780854243.171156,ACK_RCVD,88,0,0,1
1780854243.1717079,SEND,89,1062,0,1
1780854243.224936,ACK_RCVD,89,0,0,1
1780854243.225236,SEND,90,1062,0,1
1780854243.2811468,ACK_RCVD,90,0,0,1
1780854243.281607,SEND,91,1062,0,1
1780854243.337603,ACK_RCVD,91,0,0,1
1780854243.3381069,SEND,92,1062,0,1
1780854243.394104,ACK_RCVD,92,0,0,1
1780854243.394631,SEND,93,1062,0,1
1780854243.450667,ACK_RCVD,93,0,0,1
1780854243.451211,SEND,94,1062,0,1
1780854243.5056,ACK_RCVD,94,0,0,1
1780854243.5061939,SEND,95,1062,0,1
1780854243.56234,ACK_RCVD,95,0,0,1
1780854243.562908,SEND,96,1062,0,1
1780854243.6189718,ACK_RCVD,96,0,0,1
1780854243.619571,SEND,97,1062,0,1
1780854243.672145,ACK_RCVD,97,0,0,1
1780854243.67275,SEND,98,1062,0,1
1780854243.7255208,ACK_RCVD,98,0,0,1
1780854243.7261271,SEND,99,1062,0,1
1780854243.783065,ACK_RCVD,99,0,0,1
1780854243.78367,SEND,100,1063,0,1
1780854243.839781,ACK_RCVD,100,0,0,1
1780854243.840385,SEND,101,1063,0,1
1780854243.896477,ACK_RCVD,101,0,0,1
1780854243.897077,SEND,102,1063,0,1
1780854243.953131,ACK_RCVD,102,0,0,1
1780854243.953734,SEND,103,1063,0,1
1780854244.005558,ACK_RCVD,103,0,0,1
1780854244.00611,SEND,104,1063,0,1
1780854244.0635772,ACK_RCVD,104,0,0,1
1780854244.064137,SEND,105,1063,0,1
1780854244.120157,ACK_RCVD,105,0,0,1
1780854244.120717,SEND,106,1063,0,1
1780854244.171982,ACK_RCVD,106,0,0,1
1780854244.172603,SEND,107,1063,0,1
1780854244.230457,ACK_RCVD,107,0,0,1
1780854244.2310662,SEND,108,1063,0,1
1780854244.28233,ACK_RCVD,108,0,0,1
1780854244.282934,SEND,109,1063,0,1
1780854244.341012,ACK_RCVD,109,0,0,1
1780854244.341611,SEND,110,1063,0,1
1780854244.3950698,ACK_RCVD,110,0,0,1
1780854244.395675,SEND,111,1063,0,1
1780854244.4518201,ACK_RCVD,111,0,0,1
1780854244.452564,SEND,112,1063,0,1
1780854244.5082712,ACK_RCVD,112,0,0,1
1780854244.508877,SEND,113,1063,0,1
1780854244.5650141,ACK_RCVD,113,0,0,1
1780854244.5656261,SEND,114,1063,0,1
1780854244.6217742,ACK_RCVD,114,0,0,1
1780854244.622384,SEND,115,1063,0,1
1780854244.67823,ACK_RCVD,115,0,0,1
1780854244.678855,SEND,116,1063,0,1
1780854244.7348611,ACK_RCVD,116,0,0,1
1780854244.73547,SEND,117,1063,0,1
1780854244.791542,ACK_RCVD,117,0,0,1
1780854244.7921479,SEND,118,1063,0,1
1780854244.845409,ACK_RCVD,118,0,0,1
1780854244.846029,SEND,119,1063,0,1
1780854244.902147,ACK_RCVD,119,0,0,1
1780854244.902754,SEND,120,1063,0,1
1780854244.958865,ACK_RCVD,120,0,0,1
1780854244.9594722,SEND,121,1063,0,1
1780854245.015614,ACK_RCVD,121,0,0,1
1780854245.016232,SEND,122,1063,0,1
1780854245.072119,ACK_RCVD,122,0,0,1
1780854245.072726,SEND,123,1063,0,1
1780854245.123992,ACK_RCVD,123,0,0,1
1780854245.124588,SEND,124,1063,0,1
1780854245.177879,ACK_RCVD,124,0,0,1
1780854245.1784608,SEND,125,1063,0,1
1780854245.236223,ACK_RCVD,125,0,0,1
1780854245.23684,SEND,126,1063,0,1
1780854245.2930849,ACK_RCVD,126,0,0,1
1780854245.2937,SEND,127,1063,0,1
1780854245.349789,ACK_RCVD,127,0,0,1
1780854245.3503969,SEND,128,1063,0,1
1780854245.406524,ACK_RCVD,128,0,0,1
1780854245.407136,SEND,129,1063,0,1
1780854245.46319,ACK_RCVD,129,0,0,1
1780854245.463799,SEND,130,1063,0,1
1780854245.51987,ACK_RCVD,130,0,0,1
1780854245.520478,SEND,131,1063,0,1
1780854245.576022,ACK_RCVD,131,0,0,1
1780854245.5766468,SEND,132,1063,0,1
1780854245.632798,ACK_RCVD,132,0,0,1
1780854245.6334012,SEND,133,1063,0,1
1780854245.6887639,ACK_RCVD,133,0,0,1
1780854245.689375,SEND,134,1063,0,1
1780854245.745505,ACK_RCVD,134,0,0,1
1780854245.746111,SEND,135,1063,0,1
1780854245.797639,ACK_RCVD,135,0,0,1
1780854245.7982452,SEND,136,1063,0,1
1780854245.856083,ACK_RCVD,136,0,0,1
1780854245.8567061,SEND,137,1063,0,1
1780854245.912735,ACK_RCVD,137,0,0,1
1780854245.913358,SEND,138,1063,0,1
1780854245.969482,ACK_RCVD,138,0,0,1
1780854245.9700859,SEND,139,1063,0,1
1780854246.0221262,ACK_RCVD,139,0,0,1
1780854246.022763,SEND,140,1063,0,1
1780854246.0767858,ACK_RCVD,140,0,0,1
1780854246.0773911,SEND,141,1063,0,1
1780854246.1334589,ACK_RCVD,141,0,0,1
1780854246.134065,SEND,142,1063,0,1
1780854246.188747,ACK_RCVD,142,0,0,1
1780854246.1893718,SEND,143,1063,0,1
1780854246.245458,ACK_RCVD,143,0,0,1
1780854246.246063,SEND,144,1063,0,1
1780854246.302204,ACK_RCVD,144,0,0,1
1780854246.302807,SEND,145,1063,0,1
1780854246.357783,ACK_RCVD,145,0,0,1
1780854246.358399,SEND,146,1063,0,1
1780854246.414559,ACK_RCVD,146,0,0,1
1780854246.415164,SEND,147,1063,0,1
1780854246.470208,ACK_RCVD,147,0,0,1
1780854246.470818,SEND,148,1063,0,1
1780854246.522675,ACK_RCVD,148,0,0,1
1780854246.523275,SEND,149,1063,0,1
1780854246.5770829,ACK_RCVD,149,0,0,1
1780854246.577686,SEND,150,1063,0,1
1780854246.6343129,ACK_RCVD,150,0,0,1
1780854246.634923,SEND,151,1063,0,1
1780854246.688757,ACK_RCVD,151,0,0,1
1780854246.689366,SEND,152,1063,0,1
1780854246.745488,ACK_RCVD,152,0,0,1
1780854246.7460978,SEND,153,1063,0,1
1780854246.8010812,ACK_RCVD,153,0,0,1
1780854246.8016891,SEND,154,1063,0,1
1780854246.857774,ACK_RCVD,154,0,0,1
1780854246.858381,SEND,155,1063,0,1
1780854246.914496,ACK_RCVD,155,0,0,1
1780854246.915104,SEND,156,1063,0,1
1780854246.971184,ACK_RCVD,156,0,0,1
1780854246.971788,SEND,157,1063,0,1
1780854247.025991,ACK_RCVD,157,0,0,1
1780854247.02663,SEND,158,1063,0,1
1780854247.08274,ACK_RCVD,158,0,0,1
1780854247.0833569,SEND,159,1063,0,1
1780854247.1394281,ACK_RCVD,159,0,0,1
1780854247.140039,SEND,160,1063,0,1
1780854247.192363,ACK_RCVD,160,0,0,1
1780854247.192971,SEND,161,1063,0,1
1780854247.2500029,ACK_RCVD,161,0,0,1
1780854247.250607,SEND,162,1063,0,1
1780854247.306716,ACK_RCVD,162,0,0,1
1780854247.307338,SEND,163,1063,0,1
1780854247.363358,ACK_RCVD,163,0,0,1
1780854247.363966,SEND,164,1063,0,1
1780854247.418769,ACK_RCVD,164,0,0,1
1780854247.41938,SEND,165,1063,0,1
1780854247.474122,ACK_RCVD,165,0,0,1
1780854247.475764,SEND,166,1063,0,1
1780854247.531935,ACK_RCVD,166,0,0,1
1780854247.532541,SEND,167,1063,0,1
1780854247.588646,ACK_RCVD,167,0,0,1
1780854247.589257,SEND,168,1063,0,1
1780854247.6424088,ACK_RCVD,168,0,0,1
1780854247.643021,SEND,169,1063,0,1
1780854247.699127,ACK_RCVD,169,0,0,1
1780854247.699734,SEND,170,1063,0,1
1780854247.752766,ACK_RCVD,170,0,0,1
1780854247.753427,SEND,171,1063,0,1
1780854247.8094878,ACK_RCVD,171,0,0,1
1780854247.810059,SEND,172,1063,0,1
1780854247.8662221,ACK_RCVD,172,0,0,1
1780854247.866823,SEND,173,1063,0,1
1780854247.918794,ACK_RCVD,173,0,0,1
1780854247.9193978,SEND,174,1063,0,1
1780854247.976795,ACK_RCVD,174,0,0,1
1780854247.977397,SEND,175,1063,0,1
1780854248.033448,ACK_RCVD,175,0,0,1
1780854248.034053,SEND,176,1063,0,1
1780854248.090112,ACK_RCVD,176,0,0,1
1780854248.090713,SEND,177,1063,0,1
1780854248.142336,ACK_RCVD,177,0,0,1
1780854248.142941,SEND,178,1063,0,1
1780854248.195882,ACK_RCVD,178,0,0,1
1780854248.1965098,SEND,179,1063,0,1
1780854248.254074,ACK_RCVD,179,0,0,1
1780854248.254647,SEND,180,1063,0,1
1780854248.310693,ACK_RCVD,180,0,0,1
1780854248.3112938,SEND,181,1063,0,1
1780854248.367399,ACK_RCVD,181,0,0,1
1780854248.367999,SEND,182,1063,0,1
1780854248.424083,ACK_RCVD,182,0,0,1
1780854248.4246788,SEND,183,1063,0,1
1780854248.480744,ACK_RCVD,183,0,0,1
1780854248.481338,SEND,184,1063,0,1
1780854248.537429,ACK_RCVD,184,0,0,1
1780854248.538035,SEND,185,1063,0,1
1780854248.592353,ACK_RCVD,185,0,0,1
1780854248.5929642,SEND,186,1063,0,1
1780854248.649024,ACK_RCVD,186,0,0,1
1780854248.64963,SEND,187,1063,0,1
1780854248.705718,ACK_RCVD,187,0,0,1
1780854248.7063391,SEND,188,1063,0,1
1780854248.762453,ACK_RCVD,188,0,0,1
1780854248.7630599,SEND,189,1063,0,1
1780854248.819138,ACK_RCVD,189,0,0,1
1780854248.819751,SEND,190,1063,0,1
1780854248.8758001,ACK_RCVD,190,0,0,1
1780854248.8764029,SEND,191,1063,0,1
1780854248.9322171,ACK_RCVD,191,0,0,1
1780854248.932833,SEND,192,1063,0,1
1780854248.988888,ACK_RCVD,192,0,0,1
1780854248.989491,SEND,193,1063,0,1
1780854249.043734,ACK_RCVD,193,0,0,1
1780854249.0443468,SEND,194,1063,0,1
1780854249.100492,ACK_RCVD,194,0,0,1
1780854249.101098,SEND,195,1063,0,1
1780854249.154305,ACK_RCVD,195,0,0,1
1780854249.154881,SEND,196,1063,0,1
1780854249.2101061,ACK_RCVD,196,0,0,1
1780854249.2107,SEND,197,1063,0,1
1780854249.266788,ACK_RCVD,197,0,0,1
1780854249.26739,SEND,198,1063,0,1
1780854249.323542,ACK_RCVD,198,0,0,1
1780854249.324142,SEND,199,1063,0,1
1780854249.3802729,ACK_RCVD,199,0,0,1
1780854249.380888,SEND,200,1063,0,1
1780854249.4370182,ACK_RCVD,200,0,0,1
1780854249.437622,SEND,201,1063,0,1
1780854249.493421,ACK_RCVD,201,0,0,1
1780854249.494195,SEND,202,1063,0,1
1780854249.550344,ACK_RCVD,202,0,0,1
1780854249.550955,SEND,203,1063,0,1
1780854249.603611,ACK_RCVD,203,0,0,1
1780854249.60424,SEND,204,1063,0,1
1780854249.6590898,ACK_RCVD,204,0,0,1
1780854249.6596951,SEND,205,1063,0,1
1780854249.715777,ACK_RCVD,205,0,0,1
1780854249.716382,SEND,206,1063,0,1
1780854249.772514,ACK_RCVD,206,0,0,1
1780854249.773136,SEND,207,1063,0,1
1780854249.829162,ACK_RCVD,207,0,0,1
1780854249.8297641,SEND,208,1063,0,1
1780854249.8858418,ACK_RCVD,208,0,0,1
1780854249.8864489,SEND,209,1063,0,1
1780854249.942497,ACK_RCVD,209,0,0,1
1780854249.943104,SEND,210,1063,0,1
1780854249.994389,ACK_RCVD,210,0,0,1
1780854249.995054,SEND,211,1063,0,1
1780854250.0531142,ACK_RCVD,211,0,0,1
1780854250.05372,SEND,212,1063,0,1
1780854250.109046,ACK_RCVD,212,0,0,1
1780854250.10965,SEND,213,1063,0,1
1780854250.165704,ACK_RCVD,213,0,0,1
1780854250.1662982,SEND,214,1063,0,1
1780854250.222382,ACK_RCVD,214,0,0,1
1780854250.222993,SEND,215,1063,0,1
1780854250.2754738,ACK_RCVD,215,0,0,1
1780854250.276116,SEND,216,1063,0,1
1780854250.332983,ACK_RCVD,216,0,0,1
1780854250.3335931,SEND,217,1063,0,1
1780854250.387464,ACK_RCVD,217,0,0,1
1780854250.388077,SEND,218,1063,0,1
1780854250.444195,ACK_RCVD,218,0,0,1
1780854250.4448042,SEND,219,1063,0,1
1780854250.500875,ACK_RCVD,219,0,0,1
1780854250.501476,SEND,220,1063,0,1
1780854250.5544121,ACK_RCVD,220,0,0,1
1780854250.555031,SEND,221,1063,0,1
1780854250.608951,ACK_RCVD,221,0,0,1
1780854250.609588,SEND,222,1063,0,1
1780854250.665704,ACK_RCVD,222,0,0,1
1780854250.666311,SEND,223,1063,0,1
1780854250.7224,ACK_RCVD,223,0,0,1
1780854250.7230039,SEND,224,1063,0,1
1780854250.777417,ACK_RCVD,224,0,0,1
1780854250.777998,SEND,225,1063,0,1
1780854250.8293009,ACK_RCVD,225,0,0,1
1780854250.829874,SEND,226,1063,0,1
1780854250.887934,ACK_RCVD,226,0,0,1
1780854250.8885388,SEND,227,1063,0,1
1780854250.944694,ACK_RCVD,227,0,0,1
1780854250.9453042,SEND,228,1063,0,1
1780854251.0014348,ACK_RCVD,228,0,0,1
1780854251.002054,SEND,229,1063,0,1
1780854251.058164,ACK_RCVD,229,0,0,1
1780854251.058794,SEND,230,1063,0,1
1780854251.1148338,ACK_RCVD,230,0,0,1
1780854251.115443,SEND,231,1063,0,1
1780854251.168781,ACK_RCVD,231,0,0,1
1780854251.1693969,SEND,232,1063,0,1
1780854251.22074,ACK_RCVD,232,0,0,1
1780854251.2213671,SEND,233,1063,0,1
1780854251.27715,ACK_RCVD,233,0,0,1
1780854251.2777169,SEND,234,1063,0,1
1780854251.332064,ACK_RCVD,234,0,0,1
1780854251.332832,SEND,235,1063,0,1
1780854251.387734,ACK_RCVD,235,0,0,1
1780854251.38859,SEND,236,1063,0,1
1780854251.441765,ACK_RCVD,236,0,0,1
1780854251.442362,SEND,237,1063,0,1
1780854251.498467,ACK_RCVD,237,0,0,1
1780854251.4990778,SEND,238,1063,0,1
1780854251.554441,ACK_RCVD,238,0,0,1
1780854251.555108,SEND,239,1063,0,1
1780854251.609011,ACK_RCVD,239,0,0,1
1780854251.6096709,SEND,240,1063,0,1
1780854251.665917,ACK_RCVD,240,0,0,1
1780854251.6665118,SEND,241,1063,0,1
1780854251.7225962,ACK_RCVD,241,0,0,1
1780854251.7232,SEND,242,1063,0,1
1780854251.778338,ACK_RCVD,242,0,0,1
1780854251.7790232,SEND,243,1063,0,1
1780854251.832151,ACK_RCVD,243,0,0,1
1780854251.8328261,SEND,244,1063,0,1
1780854251.887656,ACK_RCVD,244,0,0,1
1780854251.888252,SEND,245,1063,0,1
1780854251.943844,ACK_RCVD,245,0,0,1
1780854251.944449,SEND,246,1063,0,1
1780854251.995806,ACK_RCVD,246,0,0,1
1780854251.996366,SEND,247,1063,0,1
1780854252.052654,ACK_RCVD,247,0,0,1
1780854252.053259,SEND,248,1063,0,1
1780854252.109308,ACK_RCVD,248,0,0,1
1780854252.109909,SEND,249,1063,0,1
1780854252.163116,ACK_RCVD,249,0,0,1
1780854252.1637208,SEND,250,1063,0,1
1780854252.2174568,ACK_RCVD,250,0,0,1
1780854252.218085,SEND,251,1063,0,1
1780854252.272807,ACK_RCVD,251,0,0,1
1780854252.273408,SEND,252,1063,0,1
1780854252.3295062,ACK_RCVD,252,0,0,1
1780854252.330112,SEND,253,1063,0,1
1780854252.386241,ACK_RCVD,253,0,0,1
1780854252.3868449,SEND,254,1063,0,1
1780854252.440397,ACK_RCVD,254,0,0,1
1780854252.441011,SEND,255,1063,0,1
1780854252.49323,ACK_RCVD,255,0,0,1
1780854252.4939141,SEND,256,1063,0,1
1780854252.546456,ACK_RCVD,256,0,0,1
1780854252.5470579,SEND,257,1063,0,1
1780854252.6015081,ACK_RCVD,257,0,0,1
1780854252.602116,SEND,258,1063,0,1
1780854252.65821,ACK_RCVD,258,0,0,1
1780854252.658813,SEND,259,1063,0,1
1780854252.713089,ACK_RCVD,259,0,0,1
1780854252.713708,SEND,260,1063,0,1
1780854252.7660758,ACK_RCVD,260,0,0,1
1780854252.766693,SEND,261,1063,0,1
1780854252.820399,ACK_RCVD,261,0,0,1
1780854252.821036,SEND,262,1063,0,1
1780854252.877202,ACK_RCVD,262,0,0,1
1780854252.877818,SEND,263,1063,0,1
1780854252.9339871,ACK_RCVD,263,0,0,1
1780854252.934592,SEND,264,1063,0,1
1780854252.990728,ACK_RCVD,264,0,0,1
1780854252.9913359,SEND,265,1063,0,1
1780854253.046417,ACK_RCVD,265,0,0,1
1780854253.047033,SEND,266,1063,0,1
1780854253.103177,ACK_RCVD,266,0,0,1
1780854253.1037812,SEND,267,1063,0,1
1780854253.1598668,ACK_RCVD,267,0,0,1
1780854253.160477,SEND,268,1063,0,1
1780854253.213075,ACK_RCVD,268,0,0,1
1780854253.21368,SEND,269,1063,0,1
1780854253.270426,ACK_RCVD,269,0,0,1
1780854253.271028,SEND,270,1063,0,1
1780854253.322737,ACK_RCVD,270,0,0,1
1780854253.32336,SEND,271,1063,0,1
1780854253.376841,ACK_RCVD,271,0,0,1
1780854253.3774452,SEND,272,1063,0,1
1780854253.434547,ACK_RCVD,272,0,0,1
1780854253.435154,SEND,273,1063,0,1
1780854253.491262,ACK_RCVD,273,0,0,1
1780854253.4918752,SEND,274,1063,0,1
1780854253.5464058,ACK_RCVD,274,0,0,1
1780854253.5471501,SEND,275,1063,0,1
1780854253.603112,ACK_RCVD,275,0,0,1
1780854253.603722,SEND,276,1063,0,1
1780854253.658605,ACK_RCVD,276,0,0,1
1780854253.659219,SEND,277,1063,0,1
1780854253.713996,ACK_RCVD,277,0,0,1
1780854253.714599,SEND,278,1063,0,1
1780854253.7707362,ACK_RCVD,278,0,0,1
1780854253.771342,SEND,279,1063,0,1
1780854253.823914,ACK_RCVD,279,0,0,1
1780854253.824616,SEND,280,1063,0,1
1780854253.8809578,ACK_RCVD,280,0,0,1
1780854253.88153,SEND,281,1063,0,1
1780854253.93769,ACK_RCVD,281,0,0,1
1780854253.9383,SEND,282,1063,0,1
1780854253.993998,ACK_RCVD,282,0,0,1
1780854253.9946198,SEND,283,1063,0,1
1780854254.0463932,ACK_RCVD,283,0,0,1
1780854254.046965,SEND,284,1063,0,1
1780854254.1045911,ACK_RCVD,284,0,0,1
1780854254.1052,SEND,285,1063,0,1
1780854254.161365,ACK_RCVD,285,0,0,1
1780854254.1619751,SEND,286,1063,0,1
1780854254.213202,ACK_RCVD,286,0,0,1
1780854254.2138119,SEND,287,1063,0,1
1780854254.271979,ACK_RCVD,287,0,0,1
1780854254.2725902,SEND,288,1063,0,1
1780854254.328651,ACK_RCVD,288,0,0,1
1780854254.329257,SEND,289,1063,0,1
1780854254.385361,ACK_RCVD,289,0,0,1
1780854254.385964,SEND,290,1063,0,1
1780854254.442048,ACK_RCVD,290,0,0,1
1780854254.442655,SEND,291,1063,0,1
1780854254.497642,ACK_RCVD,291,0,0,1
1780854254.498262,SEND,292,1063,0,1
1780854254.554383,ACK_RCVD,292,0,0,1
1780854254.554991,SEND,293,1063,0,1
1780854254.61104,ACK_RCVD,293,0,0,1
1780854254.611647,SEND,294,1063,0,1
1780854254.6630578,ACK_RCVD,294,0,0,1
1780854254.663668,SEND,295,1063,0,1
1780854254.7219431,ACK_RCVD,295,0,0,1
1780854254.72255,SEND,296,1063,0,1
1780854254.778639,ACK_RCVD,296,0,0,1
1780854254.7792552,SEND,297,1063,0,1
1780854254.8326552,ACK_RCVD,297,0,0,1
1780854254.833293,SEND,298,1063,0,1
1780854254.8858602,ACK_RCVD,298,0,0,1
1780854254.8864782,SEND,299,1063,0,1
1780854254.9432478,ACK_RCVD,299,0,0,1
1780854254.9438589,SEND,300,1063,0,1
1780854254.995453,ACK_RCVD,300,0,0,1
1780854254.996043,SEND,301,1063,0,1
1780854255.0519779,ACK_RCVD,301,0,0,1
1780854255.052591,SEND,302,1063,0,1
1780854255.108667,ACK_RCVD,302,0,0,1
1780854255.109272,SEND,303,1063,0,1
1780854255.163069,ACK_RCVD,303,0,0,1
1780854255.163682,SEND,304,1063,0,1
1780854255.2197702,ACK_RCVD,304,0,0,1
1780854255.2203789,SEND,305,1063,0,1
1780854255.276509,ACK_RCVD,305,0,0,1
1780854255.277133,SEND,306,1063,0,1
1780854255.3283148,ACK_RCVD,306,0,0,1
1780854255.3286662,SEND,307,1063,0,1
1780854255.383044,ACK_RCVD,307,0,0,1
1780854255.383635,SEND,308,1063,0,1
1780854255.438174,ACK_RCVD,308,0,0,1
1780854255.4389088,SEND,309,1063,0,1
1780854255.493681,ACK_RCVD,309,0,0,1
1780854255.494287,SEND,310,1063,0,1
1780854255.547292,ACK_RCVD,310,0,0,1
1780854255.5478568,SEND,311,1063,0,1
1780854255.60257,ACK_RCVD,311,0,0,1
1780854255.6031518,SEND,312,1063,0,1
1780854255.6592388,ACK_RCVD,312,0,0,1
1780854255.65982,SEND,313,1063,0,1
1780854255.713036,ACK_RCVD,313,0,0,1
1780854255.713644,SEND,314,1063,0,1
1780854255.769782,ACK_RCVD,314,0,0,1
1780854255.770391,SEND,315,1063,0,1
1780854255.8264582,ACK_RCVD,315,0,0,1
1780854255.827067,SEND,316,1063,0,1
1780854255.8796852,ACK_RCVD,316,0,0,1
1780854255.880298,SEND,317,1063,0,1
1780854255.9330418,ACK_RCVD,317,0,0,1
1780854255.933679,SEND,318,1063,0,1
1780854255.989307,ACK_RCVD,318,0,0,1
1780854255.990036,SEND,319,1063,0,1
1780854256.0460448,ACK_RCVD,319,0,0,1
1780854256.046688,SEND,320,1063,0,1
1780854256.102157,ACK_RCVD,320,0,0,1
1780854256.1027951,SEND,321,1063,0,1
1780854256.15614,ACK_RCVD,321,0,0,1
1780854256.156702,SEND,322,1063,0,1
1780854256.208781,ACK_RCVD,322,0,0,1
1780854256.2093,SEND,323,1063,0,1
1780854256.261695,ACK_RCVD,323,0,0,1
1780854256.262296,SEND,324,1063,0,1
1780854256.315449,ACK_RCVD,324,0,0,1
1780854256.316056,SEND,325,1063,0,1
1780854256.367918,ACK_RCVD,325,0,0,1
1780854256.368497,SEND,326,1063,0,1
1780854256.4238012,ACK_RCVD,326,0,0,1
1780854256.424418,SEND,327,1063,0,1
1780854256.480431,ACK_RCVD,327,0,0,1
1780854256.4810398,SEND,328,1063,0,1
1780854256.534833,ACK_RCVD,328,0,0,1
1780854256.535605,SEND,329,1063,0,1
1780854256.5905669,ACK_RCVD,329,0,0,1
1780854256.591232,SEND,330,1063,0,1
1780854256.643996,ACK_RCVD,330,0,0,1
1780854256.644536,SEND,331,1063,0,1
1780854256.697381,ACK_RCVD,331,0,0,1
1780854256.69798,SEND,332,1063,0,1
1780854256.74986,ACK_RCVD,332,0,0,1
1780854256.750517,SEND,333,1063,0,1
1780854256.808448,ACK_RCVD,333,0,0,1
1780854256.809025,SEND,334,1063,0,1
1780854256.8648,ACK_RCVD,334,0,0,1
1780854256.865579,SEND,335,1063,0,1
1780854256.916984,ACK_RCVD,335,0,0,1
1780854256.9177442,SEND,336,1063,0,1
1780854256.9755142,ACK_RCVD,336,0,0,1
1780854256.976114,SEND,337,1063,0,1
1780854257.0302,ACK_RCVD,337,0,0,1
1780854257.030854,SEND,338,1063,0,1
1780854257.0840588,ACK_RCVD,338,0,0,1
1780854257.084796,SEND,339,1063,0,1
1780854257.1367922,ACK_RCVD,339,0,0,1
1780854257.137374,SEND,340,1063,0,1
1780854257.194602,ACK_RCVD,340,0,0,1
1780854257.195215,SEND,341,1063,0,1
1780854257.2489421,ACK_RCVD,341,0,0,1
1780854257.249621,SEND,342,1063,0,1
1780854257.302175,ACK_RCVD,342,0,0,1
1780854257.3028631,SEND,343,1063,0,1
1780854257.3593862,ACK_RCVD,343,0,0,1
1780854257.359993,SEND,344,1063,0,1
1780854257.414634,ACK_RCVD,344,0,0,1
1780854257.415287,SEND,345,1063,0,1
1780854257.4698958,ACK_RCVD,345,0,0,1
1780854257.470515,SEND,346,1063,0,1
1780854257.526581,ACK_RCVD,346,0,0,1
1780854257.527186,SEND,347,1063,0,1
1780854257.5788329,ACK_RCVD,347,0,0,1
1780854257.579443,SEND,348,1063,0,1
1780854257.634797,ACK_RCVD,348,0,0,1
1780854257.635402,SEND,349,1063,0,1
1780854257.687789,ACK_RCVD,349,0,0,1
1780854257.6883898,SEND,350,1063,0,1
1780854257.7453709,ACK_RCVD,350,0,0,1
1780854257.7459788,SEND,351,1063,0,1
1780854257.801997,ACK_RCVD,351,0,0,1
1780854257.802539,SEND,352,1063,0,1
1780854257.85862,ACK_RCVD,352,0,0,1
1780854257.859195,SEND,353,1063,0,1
1780854257.9152691,ACK_RCVD,353,0,0,1
1780854257.9158661,SEND,354,1063,0,1
1780854257.9719748,ACK_RCVD,354,0,0,1
1780854257.9725819,SEND,355,1063,0,1
1780854258.028672,ACK_RCVD,355,0,0,1
1780854258.029284,SEND,356,1063,0,1
1780854258.082209,ACK_RCVD,356,0,0,1
1780854258.082814,SEND,357,1063,0,1
1780854258.138844,ACK_RCVD,357,0,0,1
1780854258.1394188,SEND,358,1063,0,1
1780854258.195554,ACK_RCVD,358,0,0,1
1780854258.196167,SEND,359,1063,0,1
1780854258.252256,ACK_RCVD,359,0,0,1
1780854258.252861,SEND,360,1063,0,1
1780854258.308979,ACK_RCVD,360,0,0,1
1780854258.309589,SEND,361,1063,0,1
1780854258.365632,ACK_RCVD,361,0,0,1
1780854258.366236,SEND,362,1063,0,1
1780854258.418679,ACK_RCVD,362,0,0,1
1780854258.4192908,SEND,363,1063,0,1
1780854258.476532,ACK_RCVD,363,0,0,1
1780854258.47714,SEND,364,1063,0,1
1780854258.53213,ACK_RCVD,364,0,0,1
1780854258.532783,SEND,365,1063,0,1
1780854258.5881789,ACK_RCVD,365,0,0,1
1780854258.588786,SEND,366,1063,0,1
1780854258.644206,ACK_RCVD,366,0,0,1
1780854258.644881,SEND,367,1063,0,1
1780854258.699309,ACK_RCVD,367,0,0,1
1780854258.699896,SEND,368,1063,0,1
1780854258.7537029,ACK_RCVD,368,0,0,1
1780854258.754223,SEND,369,1063,0,1
1780854258.808809,ACK_RCVD,369,0,0,1
1780854258.809251,SEND,370,1063,0,1
1780854258.863174,ACK_RCVD,370,0,0,1
1780854258.863793,SEND,371,1063,0,1
1780854258.9177651,ACK_RCVD,371,0,0,1
1780854258.918175,SEND,372,1063,0,1
1780854258.9703622,ACK_RCVD,372,0,0,1
1780854258.970923,SEND,373,1063,0,1
1780854259.027935,ACK_RCVD,373,0,0,1
1780854259.0285408,SEND,374,1063,0,1
1780854259.0846488,ACK_RCVD,374,0,0,1
1780854259.085247,SEND,375,1063,0,1
1780854259.138318,ACK_RCVD,375,0,0,1
1780854259.138925,SEND,376,1063,0,1
1780854259.236635,ACK_RCVD,376,0,0,1
1780854259.238241,SEND,377,1063,0,1
1780854259.293123,ACK_RCVD,377,0,0,1
1780854259.293678,SEND,378,1063,0,1
1780854259.346331,ACK_RCVD,378,0,0,1
1780854259.346816,SEND,379,1063,0,1
1780854259.4030359,ACK_RCVD,379,0,0,1
1780854259.403661,SEND,380,1063,0,1
1780854259.459032,ACK_RCVD,380,0,0,1
1780854259.4596548,SEND,381,1063,0,1
1780854259.512707,ACK_RCVD,381,0,0,1
1780854259.513389,SEND,382,1063,0,1
1780854259.569471,ACK_RCVD,382,0,0,1
1780854259.570055,SEND,383,1063,0,1
1780854259.626278,ACK_RCVD,383,0,0,1
1780854259.626886,SEND,384,1063,0,1
1780854259.682146,ACK_RCVD,384,0,0,1
1780854259.6827672,SEND,385,1063,0,1
1780854259.735625,ACK_RCVD,385,0,0,1
1780854259.736233,SEND,386,1063,0,1
1780854259.7882931,ACK_RCVD,386,0,0,1
1780854259.788723,SEND,387,1063,0,1
1780854259.844557,ACK_RCVD,387,0,0,1
1780854259.845186,SEND,388,1063,0,1
1780854259.898732,ACK_RCVD,388,0,0,1
1780854259.899206,SEND,389,1063,0,1
1780854259.9537249,ACK_RCVD,389,0,0,1
1780854259.954138,SEND,390,1063,0,1
1780854260.006783,ACK_RCVD,390,0,0,1
1780854260.007385,SEND,391,1063,0,1
1780854260.0638049,ACK_RCVD,391,0,0,1
1780854260.064505,SEND,392,1063,0,1
1780854260.120577,ACK_RCVD,392,0,0,1
1780854260.121175,SEND,393,1063,0,1
1780854260.174766,ACK_RCVD,393,0,0,1
1780854260.1753972,SEND,394,1063,0,1
1780854260.231466,ACK_RCVD,394,0,0,1
1780854260.23207,SEND,395,1063,0,1
1780854260.28497,ACK_RCVD,395,0,0,1
1780854260.285578,SEND,396,1063,0,1
1780854260.337282,ACK_RCVD,396,0,0,1
1780854260.3376482,SEND,397,1063,0,1
1780854260.3936121,ACK_RCVD,397,0,0,1
1780854260.393976,SEND,398,1063,0,1
1780854260.445649,ACK_RCVD,398,0,0,1
1780854260.44635,SEND,399,1063,0,1
1780854260.497408,ACK_RCVD,399,0,0,1
1780854260.498101,SEND,400,1063,0,1
1780854260.554257,ACK_RCVD,400,0,0,1
1780854260.554869,SEND,401,1063,0,1
1780854260.6102452,ACK_RCVD,401,0,0,1
1780854260.610868,SEND,402,1063,0,1
1780854260.666324,ACK_RCVD,402,0,0,1
1780854260.666929,SEND,403,1063,0,1
1780854260.7181,ACK_RCVD,403,0,0,1
1780854260.718703,SEND,404,1063,0,1
1780854260.776885,ACK_RCVD,404,0,0,1
1780854260.777486,SEND,405,1063,0,1
1780854260.83087,ACK_RCVD,405,0,0,1
1780854260.831477,SEND,406,1063,0,1
1780854260.886105,ACK_RCVD,406,0,0,1
1780854260.886712,SEND,407,1063,0,1
1780854260.939744,ACK_RCVD,407,0,0,1
1780854260.940425,SEND,408,1063,0,1
1780854260.993883,ACK_RCVD,408,0,0,1
1780854260.994559,SEND,409,1063,0,1
1780854261.048861,ACK_RCVD,409,0,0,1
1780854261.049462,SEND,410,1063,0,1
1780854261.1017652,ACK_RCVD,410,0,0,1
1780854261.102368,SEND,411,1063,0,1
1780854261.158176,ACK_RCVD,411,0,0,1
1780854261.158869,SEND,412,1063,0,1
1780854261.212787,ACK_RCVD,412,0,0,1
1780854261.213391,SEND,413,1063,0,1
1780854261.266449,ACK_RCVD,413,0,0,1
1780854261.267055,SEND,414,1063,0,1
1780854261.323207,ACK_RCVD,414,0,0,1
1780854261.3238132,SEND,415,1063,0,1
1780854261.37994,ACK_RCVD,415,0,0,1
1780854261.380543,SEND,416,1063,0,1
1780854261.4363441,ACK_RCVD,416,0,0,1
1780854261.436946,SEND,417,1063,0,1
1780854261.492403,ACK_RCVD,417,0,0,1
1780854261.4929972,SEND,418,1063,0,1
1780854261.546104,ACK_RCVD,418,0,0,1
1780854261.54668,SEND,419,1063,0,1
1780854261.6027882,ACK_RCVD,419,0,0,1
1780854261.603366,SEND,420,1063,0,1
1780854261.6556318,ACK_RCVD,420,0,0,1
1780854261.656246,SEND,421,1063,0,1
1780854261.7128189,ACK_RCVD,421,0,0,1
1780854261.713418,SEND,422,1063,0,1
1780854261.769462,ACK_RCVD,422,0,0,1
1780854261.77006,SEND,423,1063,0,1
1780854261.8261602,ACK_RCVD,423,0,0,1
1780854261.8267689,SEND,424,1063,0,1
1780854261.878346,ACK_RCVD,424,0,0,1
1780854261.8788989,SEND,425,1063,0,1
1780854261.936755,ACK_RCVD,425,0,0,1
1780854261.937355,SEND,426,1063,0,1
1780854261.9934878,ACK_RCVD,426,0,0,1
1780854261.994169,SEND,427,1063,0,1
1780854262.0489678,ACK_RCVD,427,0,0,1
1780854262.049574,SEND,428,1063,0,1
1780854262.105653,ACK_RCVD,428,0,0,1
1780854262.106255,SEND,429,1063,0,1
1780854262.162336,ACK_RCVD,429,0,0,1
1780854262.1629398,SEND,430,1063,0,1
1780854262.219139,ACK_RCVD,430,0,0,1
1780854262.219745,SEND,431,1063,0,1
1780854262.275896,ACK_RCVD,431,0,0,1
1780854262.276504,SEND,432,1063,0,1
1780854262.332631,ACK_RCVD,432,0,0,1
1780854262.33324,SEND,433,1063,0,1
1780854262.388702,ACK_RCVD,433,0,0,1
1780854262.389329,SEND,434,1063,0,1
1780854262.445471,ACK_RCVD,434,0,0,1
1780854262.446079,SEND,435,1063,0,1
1780854262.502157,ACK_RCVD,435,0,0,1
1780854262.50277,SEND,436,1063,0,1
1780854262.554291,ACK_RCVD,436,0,0,1
1780854262.554902,SEND,437,1063,0,1
1780854262.60937,ACK_RCVD,437,0,0,1
1780854262.610215,SEND,438,1063,0,1
1780854262.66347,ACK_RCVD,438,0,0,1
1780854262.664067,SEND,439,1063,0,1
1780854262.715931,ACK_RCVD,439,0,0,1
1780854262.716352,SEND,440,1063,0,1
1780854262.7722418,ACK_RCVD,440,0,0,1
1780854262.772745,SEND,441,1063,0,1
1780854262.825979,ACK_RCVD,441,0,0,1
1780854262.826396,SEND,442,1063,0,1
1780854262.882345,ACK_RCVD,442,0,0,1
1780854262.882823,SEND,443,1063,0,1
1780854262.9352162,ACK_RCVD,443,0,0,1
1780854262.9358778,SEND,444,1063,0,1
1780854262.9898722,ACK_RCVD,444,0,0,1
1780854262.990496,SEND,445,1063,0,1
1780854263.043551,ACK_RCVD,445,0,0,1
1780854263.0441012,SEND,446,1063,0,1
1780854263.100232,ACK_RCVD,446,0,0,1
1780854263.100808,SEND,447,1063,0,1
1780854263.1522481,ACK_RCVD,447,0,0,1
1780854263.152889,SEND,448,1063,0,1
1780854263.206885,ACK_RCVD,448,0,0,1
1780854263.20749,SEND,449,1063,0,1
1780854263.2643049,ACK_RCVD,449,0,0,1
1780854263.2648802,SEND,450,1063,0,1
1780854263.3190851,ACK_RCVD,450,0,0,1
1780854263.319735,SEND,451,1063,0,1
1780854263.373261,ACK_RCVD,451,0,0,1
1780854263.373884,SEND,452,1063,0,1
1780854263.425364,ACK_RCVD,452,0,0,1
1780854263.425909,SEND,453,1063,0,1
1780854263.480012,ACK_RCVD,453,0,0,1
1780854263.48059,SEND,454,1063,0,1
1780854263.536455,ACK_RCVD,454,0,0,1
1780854263.53703,SEND,455,1063,0,1
1780854263.5931,ACK_RCVD,455,0,0,1
1780854263.593678,SEND,456,1063,0,1
1780854263.649809,ACK_RCVD,456,0,0,1
1780854263.6503801,SEND,457,1063,0,1
1780854263.702692,ACK_RCVD,457,0,0,1
1780854263.703271,SEND,458,1063,0,1
1780854263.7601101,ACK_RCVD,458,0,0,1
1780854263.760659,SEND,459,1063,0,1
1780854263.813421,ACK_RCVD,459,0,0,1
1780854263.813992,SEND,460,1063,0,1
1780854263.8706,ACK_RCVD,460,0,0,1
1780854263.8711739,SEND,461,1063,0,1
1780854263.923928,ACK_RCVD,461,0,0,1
1780854263.924462,SEND,462,1063,0,1
1780854263.9780211,ACK_RCVD,462,0,0,1
1780854263.97857,SEND,463,1063,0,1
1780854264.034558,ACK_RCVD,463,0,0,1
1780854264.0351439,SEND,464,1063,0,1
1780854264.0889852,ACK_RCVD,464,0,0,1
1780854264.089519,SEND,465,1063,0,1
1780854264.14566,ACK_RCVD,465,0,0,1
1780854264.146237,SEND,466,1063,0,1
1780854264.202209,ACK_RCVD,466,0,0,1
1780854264.20278,SEND,467,1063,0,1
1780854264.2589262,ACK_RCVD,467,0,0,1
1780854264.2595031,SEND,468,1063,0,1
1780854264.3144379,ACK_RCVD,468,0,0,1
1780854264.315012,SEND,469,1063,0,1
1780854264.371169,ACK_RCVD,469,0,0,1
1780854264.371746,SEND,470,1063,0,1
1780854264.42782,ACK_RCVD,470,0,0,1
1780854264.428394,SEND,471,1063,0,1
1780854264.484534,ACK_RCVD,471,0,0,1
1780854264.485104,SEND,472,1063,0,1
1780854264.540291,ACK_RCVD,472,0,0,1
1780854264.540867,SEND,473,1063,0,1
1780854264.5935,ACK_RCVD,473,0,0,1
1780854264.5940711,SEND,474,1063,0,1
1780854264.6497438,ACK_RCVD,474,0,0,1
1780854264.650319,SEND,475,1063,0,1
1780854264.706481,ACK_RCVD,475,0,0,1
1780854264.707056,SEND,476,1063,0,1
1780854264.763125,ACK_RCVD,476,0,0,1
1780854264.7637,SEND,477,1063,0,1
1780854264.819781,ACK_RCVD,477,0,0,1
1780854264.8203578,SEND,478,1063,0,1
1780854264.876409,ACK_RCVD,478,0,0,1
1780854264.8769841,SEND,479,1063,0,1
1780854264.9330728,ACK_RCVD,479,0,0,1
1780854264.9336572,SEND,480,1063,0,1
1780854264.9896839,ACK_RCVD,480,0,0,1
1780854264.990266,SEND,481,1063,0,1
1780854265.043787,ACK_RCVD,481,0,0,1
1780854265.044373,SEND,482,1063,0,1
1780854265.098795,ACK_RCVD,482,0,0,1
1780854265.099387,SEND,483,1063,0,1
1780854265.151631,ACK_RCVD,483,0,0,1
1780854265.152211,SEND,484,1063,0,1
1780854265.20942,ACK_RCVD,484,0,0,1
1780854265.210007,SEND,485,1063,0,1
1780854265.2661388,ACK_RCVD,485,0,0,1
1780854265.266721,SEND,486,1063,0,1
1780854265.322915,ACK_RCVD,486,0,0,1
1780854265.323526,SEND,487,1063,0,1
1780854265.379624,ACK_RCVD,487,0,0,1
1780854265.380204,SEND,488,1063,0,1
1780854265.436256,ACK_RCVD,488,0,0,1
1780854265.436836,SEND,489,1063,0,1
1780854265.492935,ACK_RCVD,489,0,0,1
1780854265.493797,SEND,490,1063,0,1
1780854265.546131,ACK_RCVD,490,0,0,1
1780854265.546703,SEND,491,1063,0,1
1780854265.6016178,ACK_RCVD,491,0,0,1
1780854265.602201,SEND,492,1063,0,1
1780854265.65439,ACK_RCVD,492,0,0,1
1780854265.655062,SEND,493,1063,0,1
1780854265.712088,ACK_RCVD,493,0,0,1
1780854265.712665,SEND,494,1063,0,1
1780854265.768302,ACK_RCVD,494,0,0,1
1780854265.769023,SEND,495,1063,0,1
1780854265.8235269,ACK_RCVD,495,0,0,1
1780854265.8241332,SEND,496,1063,0,1
1780854265.8780138,ACK_RCVD,496,0,0,1
1780854265.878678,SEND,497,1063,0,1
1780854265.930144,ACK_RCVD,497,0,0,1
1780854265.9307241,SEND,498,1063,0,1
1780854265.984997,ACK_RCVD,498,0,0,1
1780854265.985694,SEND,499,1063,0,1
1780854266.0368152,ACK_RCVD,499,0,0,1
1780854266.037382,SEND,500,1063,0,1
1780854266.091646,ACK_RCVD,500,0,0,1
1780854266.092258,SEND,501,1063,0,1
1780854266.147952,ACK_RCVD,501,0,0,1
1780854266.1486778,SEND,502,1063,0,1
1780854266.2021859,ACK_RCVD,502,0,0,1
1780854266.202837,SEND,503,1063,0,1
1780854266.256911,ACK_RCVD,503,0,0,1
1780854266.2573519,SEND,504,1063,0,1
1780854266.3134458,ACK_RCVD,504,0,0,1
1780854266.3140538,SEND,505,1063,0,1
1780854266.369684,ACK_RCVD,505,0,0,1
1780854266.37023,SEND,506,1063,0,1
1780854266.4239519,ACK_RCVD,506,0,0,1
1780854266.42451,SEND,507,1063,0,1
1780854266.4759119,ACK_RCVD,507,0,0,1
1780854266.476322,SEND,508,1063,0,1
1780854266.531847,ACK_RCVD,508,0,0,1
1780854266.5324411,SEND,509,1063,0,1
1780854266.5855849,ACK_RCVD,509,0,0,1
1780854266.586047,SEND,510,1063,0,1
1780854266.6371899,ACK_RCVD,510,0,0,1
1780854266.637731,SEND,511,1063,0,1
1780854266.6930392,ACK_RCVD,511,0,0,1
1780854266.6935282,SEND,512,1063,0,1
1780854266.7489622,ACK_RCVD,512,0,0,1
1780854266.749544,SEND,513,1063,0,1
1780854266.805745,ACK_RCVD,513,0,0,1
1780854266.80639,SEND,514,1063,0,1
1780854266.8600929,ACK_RCVD,514,0,0,1
1780854266.860697,SEND,515,1063,0,1
1780854266.91682,ACK_RCVD,515,0,0,1
1780854266.917523,SEND,516,1063,0,1
1780854266.973383,ACK_RCVD,516,0,0,1
1780854266.974018,SEND,517,1063,0,1
1780854267.025187,ACK_RCVD,517,0,0,1
1780854267.025751,SEND,518,1063,0,1
1780854267.08399,ACK_RCVD,518,0,0,1
1780854267.084805,SEND,519,1063,0,1
1780854267.140665,ACK_RCVD,519,0,0,1
1780854267.14137,SEND,520,1063,0,1
1780854267.1926951,ACK_RCVD,520,0,0,1
1780854267.193259,SEND,521,1063,0,1
1780854267.2476559,ACK_RCVD,521,0,0,1
1780854267.248266,SEND,522,1063,0,1
1780854267.302817,ACK_RCVD,522,0,0,1
1780854267.303361,SEND,523,1063,0,1
1780854267.359326,ACK_RCVD,523,0,0,1
1780854267.3598971,SEND,524,1063,0,1
1780854267.415958,ACK_RCVD,524,0,0,1
1780854267.416561,SEND,525,1063,0,1
1780854267.469524,ACK_RCVD,525,0,0,1
1780854267.470091,SEND,526,1063,0,1
1780854267.5256221,ACK_RCVD,526,0,0,1
1780854267.526243,SEND,527,1063,0,1
1780854267.580843,ACK_RCVD,527,0,0,1
1780854267.581459,SEND,528,1063,0,1
1780854267.6350741,ACK_RCVD,528,0,0,1
1780854267.6356769,SEND,529,1063,0,1
1780854267.689721,ACK_RCVD,529,0,0,1
1780854267.690332,SEND,530,1063,0,1
1780854267.743308,ACK_RCVD,530,0,0,1
1780854267.7439208,SEND,531,1063,0,1
1780854267.7969532,ACK_RCVD,531,0,0,1
1780854267.797534,SEND,532,1063,0,1
1780854267.853547,ACK_RCVD,532,0,0,1
1780854267.854133,SEND,533,1063,0,1
1780854267.90747,ACK_RCVD,533,0,0,1
1780854267.9080682,SEND,534,1063,0,1
1780854267.962752,ACK_RCVD,534,0,0,1
1780854267.963329,SEND,535,1063,0,1
1780854268.019499,ACK_RCVD,535,0,0,1
1780854268.020097,SEND,536,1063,0,1
1780854268.071887,ACK_RCVD,536,0,0,1
1780854268.0724921,SEND,537,1063,0,1
1780854268.12525,ACK_RCVD,537,0,0,1
1780854268.125855,SEND,538,1063,0,1
1780854268.181155,ACK_RCVD,538,0,0,1
1780854268.1817548,SEND,539,519,0,1
1780854268.237893,ACK_RCVD,539,0,0,1
1780854268.238496,SEND,540,49,0,1
1780854268.2926679,ACK_RCVD,540,0,0,1
1780854268.293264,SUCCESS,540,550368,0,1
